<CSSResource_Add>
	<Code>stylesheet</Code>
	<Type>CombinedResource</Type>
	<Global>Yes</Global>
	<Active>Yes</Active>
	<Attributes>
		<Attribute>
			<Name><![CDATA[media]]></Name>
			<Value><![CDATA[all]]></Value>
		</Attribute>
		<Attribute>
			<Name><![CDATA[rel]]></Name>
			<Value><![CDATA[stylesheet]]></Value>
		</Attribute>
		<Attribute>
			<Name><![CDATA[type]]></Name>
			<Value><![CDATA[text/css]]></Value>
		</Attribute>
	</Attributes>
</CSSResource_Add>
<CSSResourceXGroup_Assign code="stylesheet" group_code="css_list" />
<CSSResource_Add>
	<Code>normalize</Code>
	<Type>LocalFile</Type>
	<File_Path>themes/suivant/css/normalize.css</File_Path>
	<Global>Yes</Global>
	<Active>Yes</Active>
</CSSResource_Add>
<CSSResource_Add>
	<Code>base</Code>
	<Type>LocalFile</Type>
	<File_Path>themes/suivant/css/base.css</File_Path>
	<Global>Yes</Global>
	<Active>Yes</Active>
</CSSResource_Add>
<CSSResource_Add>
	<Code>scaffolding</Code>
	<Type>LocalFile</Type>
	<File_Path>themes/suivant/css/scaffolding.css</File_Path>
	<Global>Yes</Global>
	<Active>Yes</Active>
</CSSResource_Add>
<CSSResource_Add>
	<Code>typography</Code>
	<Type>LocalFile</Type>
	<File_Path>themes/suivant/css/typography.css</File_Path>
	<Global>Yes</Global>
	<Active>Yes</Active>
</CSSResource_Add>
<CSSResource_Add>
	<Code>buttons</Code>
	<Type>LocalFile</Type>
	<File_Path>themes/suivant/css/buttons.css</File_Path>
	<Global>Yes</Global>
	<Active>Yes</Active>
</CSSResource_Add>
<CSSResource_Add>
	<Code>fonts</Code>
	<Type>LocalFile</Type>
	<File_Path>themes/suivant/css/fonts.css</File_Path>
	<Global>Yes</Global>
	<Active>Yes</Active>
</CSSResource_Add>
<CSSResource_Add>
	<Code>forms</Code>
	<Type>LocalFile</Type>
	<File_Path>themes/suivant/css/forms.css</File_Path>
	<Global>Yes</Global>
	<Active>Yes</Active>
</CSSResource_Add>
<CSSResource_Add>
	<Code>tables</Code>
	<Type>LocalFile</Type>
	<File_Path>themes/suivant/css/tables.css</File_Path>
	<Global>Yes</Global>
	<Active>Yes</Active>
</CSSResource_Add>
<CSSResource_Add>
	<Code>colors</Code>
	<Type>LocalFile</Type>
	<File_Path>themes/suivant/css/colors.css</File_Path>
	<Global>Yes</Global>
	<Active>Yes</Active>
</CSSResource_Add>
<CSSResource_Add>
	<Code>slider</Code>
	<Type>LocalFile</Type>
	<File_Path>themes/suivant/css/slider.css</File_Path>
	<Global>Yes</Global>
	<Active>Yes</Active>
</CSSResource_Add>
<CSSResource_Add>
	<Code>magnific-popup</Code>
	<Type>LocalFile</Type>
	<File_Path>themes/suivant/css/magnific-popup.css</File_Path>
	<Global>Yes</Global>
	<Active>Yes</Active>
</CSSResource_Add>
<CSSResource_Add>
	<Code>helpers</Code>
	<Type>LocalFile</Type>
	<File_Path>themes/suivant/css/helpers.css</File_Path>
	<Global>Yes</Global>
	<Active>Yes</Active>
</CSSResource_Add>
<CSSResource_Add>
	<Code>structure</Code>
	<Type>LocalFile</Type>
	<File_Path>themes/suivant/css/structure.css</File_Path>
	<Global>Yes</Global>
	<Active>Yes</Active>
</CSSResource_Add>
<CSSResource_Add>
	<Code>pages</Code>
	<Type>LocalFile</Type>
	<File_Path>themes/suivant/css/pages.css</File_Path>
	<Global>Yes</Global>
	<Active>Yes</Active>
</CSSResource_Add>
<CSSResource_Add>
	<Code>print</Code>
	<Type>LocalFile</Type>
	<File_Path>themes/suivant/css/print.css</File_Path>
	<Global>Yes</Global>
	<Active>Yes</Active>
</CSSResource_Add>
<CSSCombinedResourceXResource_Assign combined_code="stylesheet" resource_code="normalize" />
<CSSCombinedResourceXResource_Assign combined_code="stylesheet" resource_code="base" />
<CSSCombinedResourceXResource_Assign combined_code="stylesheet" resource_code="scaffolding" />
<CSSCombinedResourceXResource_Assign combined_code="stylesheet" resource_code="typography" />
<CSSCombinedResourceXResource_Assign combined_code="stylesheet" resource_code="buttons" />
<CSSCombinedResourceXResource_Assign combined_code="stylesheet" resource_code="fonts" />
<CSSCombinedResourceXResource_Assign combined_code="stylesheet" resource_code="forms" />
<CSSCombinedResourceXResource_Assign combined_code="stylesheet" resource_code="tables" />
<CSSCombinedResourceXResource_Assign combined_code="stylesheet" resource_code="colors" />
<CSSCombinedResourceXResource_Assign combined_code="stylesheet" resource_code="slider" />
<CSSCombinedResourceXResource_Assign combined_code="stylesheet" resource_code="magnific-popup" />
<CSSCombinedResourceXResource_Assign combined_code="stylesheet" resource_code="helpers" />
<CSSCombinedResourceXResource_Assign combined_code="stylesheet" resource_code="structure" />
<CSSCombinedResourceXResource_Assign combined_code="stylesheet" resource_code="pages" />
<CSSCombinedResourceXResource_Assign combined_code="stylesheet" resource_code="print" />

<ResourceGroup_Add>
	<Code>footer_js</Code>
</ResourceGroup_Add>
<JavaScriptResource_Add>
	<Code>site-scripts</Code>
	<Type>CombinedResource</Type>
	<Global>Yes</Global>
	<Active>Yes</Active>
	<Attributes></Attributes>
</JavaScriptResource_Add>
<JavaScriptResourceXGroup_Assign code="site-scripts" group_code="footer_js" />
<JavaScriptResource_Add>
	<Code>dom</Code>
	<Type>LocalFile</Type>
	<File_Path>themes/suivant/js/vendor.min.js</File_Path>
	<Global>Yes</Global>
	<Active>Yes</Active>
</JavaScriptResource_Add>
<JavaScriptResource_Add>
	<Code>plugins</Code>
	<Type>LocalFile</Type>
	<File_Path>themes/suivant/js/plugins.js</File_Path>
	<Global>Yes</Global>
	<Active>Yes</Active>
</JavaScriptResource_Add>
<JavaScriptResource_Add>
	<Code>scripts</Code>
	<Type>LocalFile</Type>
	<File_Path>themes/suivant/js/scripts.js</File_Path>
	<Global>Yes</Global>
	<Active>Yes</Active>
</JavaScriptResource_Add>
<JavaScriptCombinedResourceXResource_Assign combined_code="site-scripts" resource_code="dom" />
<JavaScriptCombinedResourceXResource_Assign combined_code="site-scripts" resource_code="plugins" />
<JavaScriptCombinedResourceXResource_Assign combined_code="site-scripts" resource_code="scripts" />
